Rayyan ID,methods,clustering,DFA,MDS,PCA,Classifier,Dimensionality reduction,Neural Network,title,key
rayyan-305067170,LDA,0,1,0,0,0,0,0,Vocal complexity and sociality in spotted paca (Cuniculus paca).,rayyan-305067170
rayyan-305067080,DFA,0,1,0,0,0,0,0,Vocal repertoire of free-ranging adult golden snub-nosed monkeys (Rhinopithecus roxellana).,rayyan-305067080
rayyan-305067090,DFA,0,1,0,0,0,0,0,"Vocal repertoire of free-ranging black howler monkeys' (Alouatta pigra): Call types, contexts, and sex-related contributions.",rayyan-305067090
rayyan-305067091,"DFA, PCA, NbClust",1,1,0,1,0,0,0,Bioacoustic characterization of the black-and-white ruffed lemur (Varecia variegata) vocal repertoire.,rayyan-305067091
rayyan-305067094,"LDA, PERMANOVA, PCoA",0,1,0,1,0,0,0,Vocal repertoire of the social giant otter.,rayyan-305067094
rayyan-305067095,"DFA, PCA, LDA",0,1,0,1,0,0,0,The vocal repertoire of Tibetan macaques (Macaca thibetana): A quantitative classification.,rayyan-305067095
rayyan-305067097,"LDA, Random Forest",0,1,0,0,1,0,0,"Vocal repertoire, micro-geographical variation and within-species acoustic partitioning in a highly colonial pinniped, the Cape fur seal.",rayyan-305067097
rayyan-305067099,DFA,0,1,0,0,0,0,0,The Vocal Repertoire of the Bearded Capuchin (Cebidae: Sapajus libidinosus): Implications for Understanding the Complexity of Neotropical Primate Communication.,rayyan-305067099
rayyan-305067104,DFA,0,1,0,0,0,0,0,Not just a pretty song: an overview of the vocal repertoire of Indri indri.,rayyan-305067104
rayyan-305067116,DFA,0,1,0,0,0,0,0,Vocal Repertoire of Wild Blonde Capuchins (Sapajus flavius) and Contextual Use of Calls.,rayyan-305067116
rayyan-305067163,DFA,0,1,0,0,0,0,0,"The vocal repertoire in a solitary foraging carnivore, Cynictis penicillata, may reflect facultative sociality.",rayyan-305067163
rayyan-305067201,"DFA, two-step clustering",1,1,0,0,0,0,0,Vocal communication in a complex multi-level society: constrained acoustic structure and flexible call usage in Guinea baboons.,rayyan-305067201
rayyan-305067210,"DFA, PCA, agglomerative hierarchical clustering",1,1,0,1,0,0,0,The vocal repertoire of adult male blue monkeys (Cercopithecus mitis stulmanni): a quantitative analysis of acoustic structure.,rayyan-305067210
rayyan-305067231,"DFA, PCA, hierarchical clustering",1,1,0,1,0,0,0,"Sahamalaza Sportive Lemur, Lepilemur sahamalaza, Vocal Communication: Call Use, Context and Gradation.",rayyan-305067231
rayyan-305067281,"DFA, PCA",0,1,0,1,0,0,0,Social vocalizations of big-footed myotis (Myotis macrodactylus) during foraging.,rayyan-305067281
rayyan-305067332,"DFA, PCA",0,1,0,1,0,0,0,The use of Vocalizations of the Sambirano Mouse Lemur (Microcebus sambiranensis) in an Acoustic Survey of Habitat Preference.,rayyan-305067332
rayyan-305067337,"LDA, K-means clustering, MDS",1,1,1,0,0,0,0,"Acoustically diverse vocalization repertoire in the Himalayan leaf-nosed bat, a widely distributed Hipposideros species.",rayyan-305067337
rayyan-305067339,DFA,0,1,0,0,0,0,0,Context-related call combinations in female Diana monkeys.,rayyan-305067339
rayyan-305067514,"DFA, PCA, GMM",0,1,0,1,0,0,0,Acoustic structure of forest elephant rumbles: a test of the ambiguity reduction hypothesis.,rayyan-305067514
rayyan-305067532,DFA,0,1,0,0,0,0,0,Sources of acoustic variation: implications for production specificity and call categorization in chacma baboon (Papio ursinus) grunts.,rayyan-305067532
rayyan-305067679,DFA,0,1,0,0,0,0,0,Dwarf mongoose alarm calls: investigating a complex non-human animal call.,rayyan-305067679
rayyan-380414578,DFA,0,1,0,0,0,0,0,Vocal repertoire of sooty mangabeys (Cercocebus torquatus atys) in the Taï National Park,rayyan-380414578
rayyan-380414579,"DFA, PCA",0,1,0,1,0,0,0,"Vocal repertoire of Cebus capucinus: acoustic structure, context, and usage",rayyan-380414579
rayyan-380414581,"DFA, two-step clustering",1,1,0,0,0,0,0,Baboon vocal repertoires and the evolution of primate vocal diversity,rayyan-380414581
rayyan-380414583,"DFA, agglomerative hierarchical clustering",1,1,0,0,0,0,0,"Vocal repertoire in the European badger (Meles meles): structure, context, and function",rayyan-380414583
rayyan-380414588,DFA,0,1,0,0,0,0,0,"Notes on vocalisations of giant otters in the flooded Igapó forests of Jaú National Park, Amazonas, Brazil",rayyan-380414588
rayyan-380414589,DFA,0,1,0,0,0,0,0,"The vocal repertoire of Formosan macaques, Macaca cyclopis: acoustic structure and behavioral context",rayyan-380414589
rayyan-380414613,DFA,0,1,0,0,0,0,0,Vocal acoustics in the endangered proboscis monkey (Nasalis larvatus),rayyan-380414613
rayyan-380414654,DFA,0,1,0,0,0,0,0,Vocal Repertoire of Golden-backed Uakaris (Cacajao melanocephalus): Call Structure and Context,rayyan-380414654
rayyan-380414655,DFA,0,1,0,0,0,0,0,Western Gorilla Vocal Repertoire and Contextual Use of Vocalizations,rayyan-380414655
rayyan-380414683,DFA,0,1,0,0,0,0,0,"Vocalizations in red deer (Cervus elaphus), sika deer (Cervus nippon), and red × sika hybrids",rayyan-380414683
rayyan-380414770,DFA,0,1,0,0,0,0,0,Novel Glaucomys volans vocalizations in Indiana and evidence of geographic variation in high frequency communication,rayyan-380414770
rayyan-380414801,DFA,0,1,0,0,0,0,0,Vocalizations of Belding's ground squirrels (Spermophilus beldingi),rayyan-380414801
rayyan-305067471,DFA,0,1,0,0,0,0,0,Preliminary observations on squirrel monkey (Saimiri oerstedi) vocalizations in Costa Rica.,rayyan-305067471
rayyan-380414771,DFA,0,1,0,0,0,0,0,The vocal repertoire of Spermophilus tridecemlineatus,rayyan-380414771
rayyan-305067102,"DFA, PCA, silhouette clustering, agglomerative hierarchical clustering",1,1,0,1,0,0,0,Characterising the harmonic vocal repertoire of the Indian wolf (Canis lupus pallipes).,rayyan-305067102
rayyan-305067117,"DFA, PCA",0,1,0,1,0,0,0,The vocal repertoire of adult and neonate giant otters (Pteronura brasiliensis).,rayyan-305067117
rayyan-305067392,"DFA, K-means clustering, ANN",1,1,0,0,0,0,1,The use of Artificial Neural Networks to classify primate vocalizations: A pilot study on black lemurs.,rayyan-305067392
rayyan-305067081,DFA,0,1,0,0,0,0,0,Vocal repertoire and auditory sensitivity of white-throated woodrats (Neotoma albigula).,rayyan-305067081
rayyan-305067127,"DFA, PCA, UMAP, hierarchical agglomerative clustering",1,1,0,1,0,1,0,Role of auditory feedback for vocal production learning in the Egyptian fruit bat.,rayyan-305067127
rayyan-305067202,DFA,0,1,0,0,0,0,0,Sex differences in the vocal repertoire of adult red-capped mangabeys (Cercocebus torquatus): A multi-level acoustic analysis.,rayyan-305067202
rayyan-305067253,DFA,0,1,0,0,0,0,0,Age- and sex-specific patterns of vocal behavior in De Brazza's monkeys (Cercopithecus neglectus).,rayyan-305067253
rayyan-305067862,DFA,0,1,0,0,0,0,0,Social calls of flying big brown bats (Eptesicus fuscus).,rayyan-305067862
rayyan-308549144,"DFA, PCA",0,1,0,1,0,0,0,"Vocal repertoire of the critically endangered white-headed langur ( Trachypithecus leucocephalus): Call types, acoustic structures, and related social-ecological contexts.",rayyan-308549144
rayyan-380414577,DFA,0,1,0,0,0,0,0,The vocal repertoire of the northern giant mouse lemur (Mirza zaza) in captivity,rayyan-380414577
rayyan-380414608,DFA,0,1,0,0,0,0,0,"Vocal Repertoire of Captive Capybara (Hydrochoerus hydrochaeris): Structure, Context and Function",rayyan-380414608
rayyan-380414610,LDA,0,1,0,0,0,0,0,The Vocal Repertoire of Pale Spear-Nosed Bats in a Social Roosting Context,rayyan-380414610
rayyan-380414612,"DFA, k-medians clustering",1,1,0,0,0,0,0,The Vocal Repertoire of Two Sympatric Species of Nectar-Feeding Bats (Glossophaga soricina and G. commissarisi),rayyan-380414612
rayyan-380414615,DFA,0,1,0,0,0,0,0,Vocal repertoire of adult captive red pandas (Ailurus fulgens),rayyan-380414615
rayyan-380414623,"DFA, two-step clustering",1,1,0,0,0,0,0,The Structure and Usage of Female and Male Mouse Ultrasonic Vocalizations Reveal only Minor Differences,rayyan-380414623
rayyan-380414648,"DFA, MDS",0,1,1,0,0,0,0,Analysis of acoustic elements and syntax in communication sounds emitted by mustached bats,rayyan-380414648
rayyan-380414713,DFA,0,1,0,0,0,0,0,Single‐note vocalizations of California ground squirrels: Graded signals and situation‐specificity of predator and socially evoked calls,rayyan-380414713
rayyan-380414805,DFA,0,1,0,0,0,0,0,Comparison of vocalizations between and within Spermophilus elegans elegans and S. richardsonii,rayyan-380414805
rayyan-305067419,DFA,0,1,0,0,0,0,0,Acoustic Structure and Contextual Use of Calls by Captive Male and Female Cheetahs (Acinonyx jubatus).,rayyan-305067419
rayyan-305067748,"DFA, UMAP, SVM; xgboost; NN",0,1,0,0,0,1,1,"Improving the workflow to crack Small, Unbalanced, Noisy, but Genuine (SUNG) datasets in bioacoustics: The case of bonobo calls.",rayyan-305067748
rayyan-305067789,"DFA, PCA",0,1,0,0,0,0,0,Acoustic and behavioral repertoires of the hippopotamus (Hippopotamus amphibius).,rayyan-305067789
rayyan-380414576,"DFA, K-means clustering",1,1,0,0,0,0,0,The vocal repertoire of Barbary macaques: a quantitative analysis of a graded signal system,rayyan-380414576
rayyan-380414597,DFA,0,1,0,0,0,0,0,THE VOCAL REPERTOIRE IN NORTHERN WHITE RHINOCEROS CERATOTHERIUM SIMUM COTTONI AS RECORDED IN THE LAST SURVIVING HERD,rayyan-380414597
rayyan-380414614,DFA,0,1,0,0,0,0,0,"Vocal repertoire, individual acoustic distinctiveness, and social networks in a group of captive Asian small-clawed otters (Aonyx cinerea)",rayyan-380414614
rayyan-380414637,DFA,0,1,0,0,0,0,0,Small Mammals Ignore Common Rules: A Comparison of Vocal Repertoires and the Acoustics between Pup and Adult Piebald Shrews Diplomesodon pulchellum,rayyan-380414637
rayyan-380414642,DFA,0,1,0,0,0,0,0,Quantitative acoustic analysis of the vocal repertoire of the crowned lemur,rayyan-380414642
rayyan-380414657,pDFA,0,1,0,0,0,0,0,The reliability of individual vocal signature varies across the bonobo's graded repertoire,rayyan-380414657
rayyan-380414662,DFA,0,1,0,0,0,0,0,"Classification of Captive North American River Otters (Lontra canadensis) Vocal Repertoires: Individual Variations, and Age Class Comparisons",rayyan-380414662
rayyan-305067467,"DFA, MANOVA",0,1,0,0,0,0,0,"Syllable acoustics, temporal patterns, and call composition vary with behavioral context in Mexican free-tailed bats.",rayyan-305067467
